"Status","Start Time","Stop Time","Duration in ms","Parent Suite","Suite","Sub Suite","Test Class","Test Method","Name","Description"
"passed","Wed Oct 05 14:49:13 EDT 2022","Wed Oct 05 14:49:13 EDT 2022","1","tests","test_utils","","","","test_rename_to_trash[30]",""
"passed","Wed Oct 05 14:49:12 EDT 2022","Wed Oct 05 14:49:12 EDT 2022","19","tests","test_api","","","","test_api_extract_tarball_with_libarchive_import_error",""
"passed","Wed Oct 05 14:49:13 EDT 2022","Wed Oct 05 14:49:13 EDT 2022","0","tests","test_api","","","","test_warning_when_bundling_no_metadata",""
"passed","Wed Oct 05 14:49:13 EDT 2022","Wed Oct 05 14:49:13 EDT 2022","0","tests","test_api","","","","test_api_bad_filename",""
"passed","Wed Oct 05 14:49:13 EDT 2022","Wed Oct 05 14:49:13 EDT 2022","255","tests","test_api","","","","test_api_transmute_tarball_info_sorts_first",""
"passed","Wed Oct 05 14:49:12 EDT 2022","Wed Oct 05 14:49:12 EDT 2022","1","tests","test_api","","","","test_api_conda_v2_details",""
"passed","Wed Oct 05 14:49:12 EDT 2022","Wed Oct 05 14:49:12 EDT 2022","3","tests","test_api","","","","test","Robust test CGI script, usable as main program.

    Write minimal HTTP headers and dump all information provided to
    the script in HTML form.

    "
"passed","Wed Oct 05 14:49:13 EDT 2022","Wed Oct 05 14:49:13 EDT 2022","1","tests","test_utils","","","","test_rename_to_trash[1]",""
"passed","Wed Oct 05 14:49:12 EDT 2022","Wed Oct 05 14:49:12 EDT 2022","3","tests","test_api","","","","test_api_extract_info_conda_v2",""
"passed","Wed Oct 05 14:49:12 EDT 2022","Wed Oct 05 14:49:12 EDT 2022","11","tests","test_api","","","","test_api_extract_conda_v2_explicit_path",""
"passed","Wed Oct 05 14:49:13 EDT 2022","Wed Oct 05 14:49:13 EDT 2022","1","tests","test_utils","","","","test_delete_trash",""
"passed","Wed Oct 05 14:49:12 EDT 2022","Wed Oct 05 14:49:12 EDT 2022","18","tests","test_api","","","","test_api_extract_tarball_implicit_path",""
"passed","Wed Oct 05 14:49:13 EDT 2022","Wed Oct 05 14:49:13 EDT 2022","9","tests","test_api","","","","test_create_package_with_uncommon_conditions_captures_all_content",""
"passed","Wed Oct 05 14:49:13 EDT 2022","Wed Oct 05 14:49:13 EDT 2022","0","tests","test_utils","","","","test_rename_to_trash[2]",""
"passed","Wed Oct 05 14:49:13 EDT 2022","Wed Oct 05 14:49:13 EDT 2022","234","tests","test_api","","","","test_api_transmute_to_conda_v2_contents",""
"passed","Wed Oct 05 14:49:12 EDT 2022","Wed Oct 05 14:49:12 EDT 2022","19","tests","test_api","","","","test_api_extract_conda_v2_explicit_path_prefix",""
"passed","Wed Oct 05 14:49:12 EDT 2022","Wed Oct 05 14:49:12 EDT 2022","9","tests","test_api","","","","test_api_extract_conda_v2_implicit_path",""
"skipped","Wed Oct 05 14:49:13 EDT 2022","Wed Oct 05 14:49:13 EDT 2022","0","tests","test_api","","","","test_secure_refusal_to_extract_abs_paths",""
"passed","Wed Oct 05 14:49:12 EDT 2022","Wed Oct 05 14:49:12 EDT 2022","1","tests","test_api","","","","test_api_tarball_details",""
"passed","Wed Oct 05 14:49:13 EDT 2022","Wed Oct 05 14:49:13 EDT 2022","0","tests","test_api","","","","test_details_bad_extension",""
"passed","Wed Oct 05 14:49:12 EDT 2022","Wed Oct 05 14:49:12 EDT 2022","0","tests","test_api","","","","test_api_extract_dest_dir_and_prefix_both_abs_raises",""
"passed","Wed Oct 05 14:49:13 EDT 2022","Wed Oct 05 14:49:13 EDT 2022","0","tests","test_utils","","","","test_rename_to_trash[13]",""
"passed","Wed Oct 05 14:49:12 EDT 2022","Wed Oct 05 14:49:12 EDT 2022","12","tests","test_api","","","","test_api_extract_conda_v2_no_destdir_relative_path",""
"passed","Wed Oct 05 14:49:13 EDT 2022","Wed Oct 05 14:49:13 EDT 2022","1","tests","test_api","","","","tests_secure_refusal_to_extract_dotdot",""
"passed","Wed Oct 05 14:49:12 EDT 2022","Wed Oct 05 14:49:12 EDT 2022","22","tests","test_api","","","","test_api_extract_tarball_explicit_path",""
"passed","Wed Oct 05 14:49:12 EDT 2022","Wed Oct 05 14:49:13 EDT 2022","423","tests","test_api","","","","test_api_transmute_tarball_to_conda_v2",""
"passed","Wed Oct 05 14:49:13 EDT 2022","Wed Oct 05 14:49:13 EDT 2022","0","tests","test_utils","","","","test_rm_rf_file",""
"passed","Wed Oct 05 14:49:13 EDT 2022","Wed Oct 05 14:49:13 EDT 2022","109","tests","test_api","","","","test_api_transmute_conda_v2_to_tarball",""
